"Process","ClassA_wt","Findings","Status","Karr_extract","PB_design","Karr_fixture"
"Metabolism","E:\opencell-worktrees\swarm-class-a-Metabolism","E:\opencell-worktrees\swarm-class-a-Metabolism\opencell\validation\swarm\class_a\metabolism\findings.json","E:\opencell-worktrees\swarm-class-a-Metabolism\STATUS.md","E:\opencell-worktrees\p3-karr-light-docstrings\docs\karr_extracts\process\01_Metabolism.md","-","E:\opencell-worktrees\p3-karr-light-docstrings\data\karr_fixtures\per_process\Metabolism.json"
"ReplicationInitiation","E:\opencell-worktrees\swarm-class-a-ReplicationInitiation","E:\opencell-worktrees\swarm-class-a-ReplicationInitiation\opencell\validation\swarm\class_a\replicationinitiation\findings.json","E:\opencell-worktrees\swarm-class-a-ReplicationInitiation\STATUS.md","E:\opencell-worktrees\p3-karr-light-docstrings\docs\karr_extracts\process\02_ReplicationInitiation.md","-","E:\opencell-worktrees\p3-karr-light-docstrings\data\karr_fixtures\per_process\ReplicationInitiation.json"
"Replication","E:\opencell-worktrees\swarm-class-a-Replication","E:\opencell-worktrees\swarm-class-a-Replication\opencell\validation\swarm\class_a\replication\findings.json","E:\opencell-worktrees\swarm-class-a-Replication\STATUS.md","E:\opencell-worktrees\p3-karr-light-docstrings\docs\karr_extracts\process\03_Replication.md","-","E:\opencell-worktrees\p3-karr-light-docstrings\data\karr_fixtures\per_process\Replication.json"
"DNADamage","E:\opencell-worktrees\swarm-class-a-DNADamage","E:\opencell-worktrees\swarm-class-a-DNADamage\opencell\validation\swarm\class_a\dnadamage\findings.json","E:\opencell-worktrees\swarm-class-a-DNADamage\STATUS.md","E:\opencell-worktrees\p3-karr-light-docstrings\docs\karr_extracts\process\04_DNADamage.md","-","E:\opencell-worktrees\p3-karr-light-docstrings\data\karr_fixtures\per_process\DNADamage.json"
"DNARepair","E:\opencell-worktrees\swarm-class-a-DNARepair","E:\opencell-worktrees\swarm-class-a-DNARepair\opencell\validation\swarm\class_a\dnarepair\findings.json","E:\opencell-worktrees\swarm-class-a-DNARepair\STATUS.md","E:\opencell-worktrees\p3-karr-light-docstrings\docs\karr_extracts\process\05_DNARepair.md","-","E:\opencell-worktrees\p3-karr-light-docstrings\data\karr_fixtures\per_process\DNARepair.json"
"DNASupercoiling","E:\opencell-worktrees\swarm-class-a-DNASupercoiling","E:\opencell-worktrees\swarm-class-a-DNASupercoiling\opencell\validation\swarm\class_a\dnasupercoiling\findings.json","E:\opencell-worktrees\swarm-class-a-DNASupercoiling\STATUS.md","E:\opencell-worktrees\p3-karr-light-docstrings\docs\karr_extracts\process\06_DNASupercoiling.md","-","E:\opencell-worktrees\p3-karr-light-docstrings\data\karr_fixtures\per_process\DNASupercoiling.json"
"ChromosomeCondensation","E:\opencell-worktrees\swarm-class-a-ChromosomeCondensation","E:\opencell-worktrees\swarm-class-a-ChromosomeCondensation\opencell\validation\swarm\class_a\chromosomecondensation\findings.json","E:\opencell-worktrees\swarm-class-a-ChromosomeCondensation\STATUS.md","E:\opencell-worktrees\p3-karr-light-docstrings\docs\karr_extracts\process\07_ChromosomeCondensation.md","-","E:\opencell-worktrees\p3-karr-light-docstrings\data\karr_fixtures\per_process\ChromosomeCondensation.json"
"ChromosomeSegregation","E:\opencell-worktrees\swarm-class-a-ChromosomeSegregation","E:\opencell-worktrees\swarm-class-a-ChromosomeSegregation\opencell\validation\swarm\class_a\chromosomesegregation\findings.json","E:\opencell-worktrees\swarm-class-a-ChromosomeSegregation\STATUS.md","E:\opencell-worktrees\p3-karr-light-docstrings\docs\karr_extracts\process\08_ChromosomeSegregation.md","-","E:\opencell-worktrees\p3-karr-light-docstrings\data\karr_fixtures\per_process\ChromosomeSegregation.json"
"Transcription","E:\opencell-worktrees\swarm-class-a-Transcription","E:\opencell-worktrees\swarm-class-a-Transcription\opencell\validation\swarm\class_a\transcription\findings.json","E:\opencell-worktrees\swarm-class-a-Transcription\STATUS.md","E:\opencell-worktrees\p3-karr-light-docstrings\docs\karr_extracts\process\09_Transcription.md","E:\opencell-worktrees\p3-karr-light-docstrings\docs\design\pb_turn3_transcriptional_regulation.md","E:\opencell-worktrees\p3-karr-light-docstrings\data\karr_fixtures\per_process\Transcription.json"
"TranscriptionalRegulation","E:\opencell-worktrees\swarm-class-a-TranscriptionalRegulation","E:\opencell-worktrees\swarm-class-a-TranscriptionalRegulation\opencell\validation\swarm\class_a\transcriptionalregulation\findings.json","E:\opencell-worktrees\swarm-class-a-TranscriptionalRegulation\STATUS.md","E:\opencell-worktrees\p3-karr-light-docstrings\docs\karr_extracts\process\10_TranscriptionalRegulation.md","-","E:\opencell-worktrees\p3-karr-light-docstrings\data\karr_fixtures\per_process\TranscriptionalRegulation.json"
"RNAProcessing","E:\opencell-worktrees\swarm-class-a-RNAProcessing","E:\opencell-worktrees\swarm-class-a-RNAProcessing\opencell\validation\swarm\class_a\rnaprocessing\findings.json","E:\opencell-worktrees\swarm-class-a-RNAProcessing\STATUS.md","E:\opencell-worktrees\p3-karr-light-docstrings\docs\karr_extracts\process\11_RNAProcessing.md","-","E:\opencell-worktrees\p3-karr-light-docstrings\data\karr_fixtures\per_process\RNAProcessing.json"
"RNAModification","E:\opencell-worktrees\swarm-class-a-RNAModification","E:\opencell-worktrees\swarm-class-a-RNAModification\opencell\validation\swarm\class_a\rnamodification\findings.json","E:\opencell-worktrees\swarm-class-a-RNAModification\STATUS.md","E:\opencell-worktrees\p3-karr-light-docstrings\docs\karr_extracts\process\12_RNAModification.md","-","E:\opencell-worktrees\p3-karr-light-docstrings\data\karr_fixtures\per_process\RNAModification.json"
"RNADecay","E:\opencell-worktrees\swarm-class-a-RNADecay","E:\opencell-worktrees\swarm-class-a-RNADecay\opencell\validation\swarm\class_a\rnadecay\findings.json","E:\opencell-worktrees\swarm-class-a-RNADecay\STATUS.md","E:\opencell-worktrees\p3-karr-light-docstrings\docs\karr_extracts\process\13_RNADecay.md","-","E:\opencell-worktrees\p3-karr-light-docstrings\data\karr_fixtures\per_process\RNADecay.json"
"tRNAAminoacylation","E:\opencell-worktrees\swarm-class-a-tRNAAminoacylation","E:\opencell-worktrees\swarm-class-a-tRNAAminoacylation\opencell\validation\swarm\class_a\trnaaminoacylation\findings.json","E:\opencell-worktrees\swarm-class-a-tRNAAminoacylation\STATUS.md","E:\opencell-worktrees\p3-karr-light-docstrings\docs\karr_extracts\process\14_tRNAAminoacylation.md","-","E:\opencell-worktrees\p3-karr-light-docstrings\data\karr_fixtures\per_process\tRNAAminoacylation.json"
"Translation","E:\opencell-worktrees\swarm-class-a-Translation","E:\opencell-worktrees\swarm-class-a-Translation\opencell\validation\swarm\class_a\translation\findings.json","E:\opencell-worktrees\swarm-class-a-Translation\STATUS.md","E:\opencell-worktrees\p3-karr-light-docstrings\docs\karr_extracts\process\15_Translation.md","-","E:\opencell-worktrees\p3-karr-light-docstrings\data\karr_fixtures\per_process\Translation.json"
"ProteinProcessingI","E:\opencell-worktrees\swarm-class-a-ProteinProcessingI","E:\opencell-worktrees\swarm-class-a-ProteinProcessingI\opencell\validation\swarm\class_a\proteinprocessingi\findings.json","E:\opencell-worktrees\swarm-class-a-ProteinProcessingI\STATUS.md","E:\opencell-worktrees\p3-karr-light-docstrings\docs\karr_extracts\process\16_ProteinProcessingI.md","-","E:\opencell-worktrees\p3-karr-light-docstrings\data\karr_fixtures\per_process\ProteinProcessingI.json"
"ProteinProcessingII","E:\opencell-worktrees\swarm-class-a-ProteinProcessingII","E:\opencell-worktrees\swarm-class-a-ProteinProcessingII\opencell\validation\swarm\class_a\proteinprocessingii\findings.json","E:\opencell-worktrees\swarm-class-a-ProteinProcessingII\STATUS.md","E:\opencell-worktrees\p3-karr-light-docstrings\docs\karr_extracts\process\17_ProteinProcessingII.md","-","E:\opencell-worktrees\p3-karr-light-docstrings\data\karr_fixtures\per_process\ProteinProcessingII.json"
"ProteinModification","E:\opencell-worktrees\swarm-class-a-ProteinModification","E:\opencell-worktrees\swarm-class-a-ProteinModification\opencell\validation\swarm\class_a\proteinmodification\findings.json","E:\opencell-worktrees\swarm-class-a-ProteinModification\STATUS.md","E:\opencell-worktrees\p3-karr-light-docstrings\docs\karr_extracts\process\18_ProteinModification.md","-","E:\opencell-worktrees\p3-karr-light-docstrings\data\karr_fixtures\per_process\ProteinModification.json"
"ProteinFolding","E:\opencell-worktrees\swarm-class-a-ProteinFolding","E:\opencell-worktrees\swarm-class-a-ProteinFolding\opencell\validation\swarm\class_a\proteinfolding\findings.json","E:\opencell-worktrees\swarm-class-a-ProteinFolding\STATUS.md","E:\opencell-worktrees\p3-karr-light-docstrings\docs\karr_extracts\process\19_ProteinFolding.md","-","E:\opencell-worktrees\p3-karr-light-docstrings\data\karr_fixtures\per_process\ProteinFolding.json"
"ProteinActivation","E:\opencell-worktrees\swarm-class-a-ProteinActivation","E:\opencell-worktrees\swarm-class-a-ProteinActivation\opencell\validation\swarm\class_a\proteinactivation\findings.json","E:\opencell-worktrees\swarm-class-a-ProteinActivation\STATUS.md","E:\opencell-worktrees\p3-karr-light-docstrings\docs\karr_extracts\process\20_ProteinActivation.md","-","E:\opencell-worktrees\p3-karr-light-docstrings\data\karr_fixtures\per_process\ProteinActivation.json"
"ProteinDecay","E:\opencell-worktrees\swarm-class-a-ProteinDecay","E:\opencell-worktrees\swarm-class-a-ProteinDecay\opencell\validation\swarm\class_a\proteindecay\findings.json","E:\opencell-worktrees\swarm-class-a-ProteinDecay\STATUS.md","E:\opencell-worktrees\p3-karr-light-docstrings\docs\karr_extracts\process\21_ProteinDecay.md","-","E:\opencell-worktrees\p3-karr-light-docstrings\data\karr_fixtures\per_process\ProteinDecay.json"
"ProteinTranslocation","E:\opencell-worktrees\swarm-class-a-ProteinTranslocation","E:\opencell-worktrees\swarm-class-a-ProteinTranslocation\opencell\validation\swarm\class_a\proteintranslocation\findings.json","E:\opencell-worktrees\swarm-class-a-ProteinTranslocation\STATUS.md","E:\opencell-worktrees\p3-karr-light-docstrings\docs\karr_extracts\process\22_ProteinTranslocation.md","-","E:\opencell-worktrees\p3-karr-light-docstrings\data\karr_fixtures\per_process\ProteinTranslocation.json"
"MacromolecularComplexation","E:\opencell-worktrees\swarm-class-a-MacromolecularComplexation","E:\opencell-worktrees\swarm-class-a-MacromolecularComplexation\opencell\validation\swarm\class_a\macromolecularcomplexation\findings.json","E:\opencell-worktrees\swarm-class-a-MacromolecularComplexation\STATUS.md","E:\opencell-worktrees\p3-karr-light-docstrings\docs\karr_extracts\process\23_MacromolecularComplexation.md","-","E:\opencell-worktrees\p3-karr-light-docstrings\data\karr_fixtures\per_process\MacromolecularComplexation.json"
"RibosomeAssembly","E:\opencell-worktrees\swarm-class-a-RibosomeAssembly","E:\opencell-worktrees\swarm-class-a-RibosomeAssembly\opencell\validation\swarm\class_a\ribosomeassembly\findings.json","E:\opencell-worktrees\swarm-class-a-RibosomeAssembly\STATUS.md","E:\opencell-worktrees\p3-karr-light-docstrings\docs\karr_extracts\process\24_RibosomeAssembly.md","-","E:\opencell-worktrees\p3-karr-light-docstrings\data\karr_fixtures\per_process\RibosomeAssembly.json"
"FtsZPolymerization","E:\opencell-worktrees\swarm-class-a-FtsZPolymerization","E:\opencell-worktrees\swarm-class-a-FtsZPolymerization\opencell\validation\swarm\class_a\ftszpolymerization\findings.json","E:\opencell-worktrees\swarm-class-a-FtsZPolymerization\STATUS.md","E:\opencell-worktrees\p3-karr-light-docstrings\docs\karr_extracts\process\25_FtsZPolymerization.md","-","E:\opencell-worktrees\p3-karr-light-docstrings\data\karr_fixtures\per_process\FtsZPolymerization.json"
"Cytokinesis","E:\opencell-worktrees\swarm-class-a-Cytokinesis","E:\opencell-worktrees\swarm-class-a-Cytokinesis\opencell\validation\swarm\class_a\cytokinesis\findings.json","E:\opencell-worktrees\swarm-class-a-Cytokinesis\STATUS.md","E:\opencell-worktrees\p3-karr-light-docstrings\docs\karr_extracts\process\26_Cytokinesis.md","-","E:\opencell-worktrees\p3-karr-light-docstrings\data\karr_fixtures\per_process\Cytokinesis.json"
"HostInteraction","E:\opencell-worktrees\swarm-class-a-HostInteraction","E:\opencell-worktrees\swarm-class-a-HostInteraction\opencell\validation\swarm\class_a\hostinteraction\findings.json","E:\opencell-worktrees\swarm-class-a-HostInteraction\STATUS.md","E:\opencell-worktrees\p3-karr-light-docstrings\docs\karr_extracts\process\27_HostInteraction.md","-","E:\opencell-worktrees\p3-karr-light-docstrings\data\karr_fixtures\per_process\HostInteraction.json"
"TerminalOrganelleAssembly","E:\opencell-worktrees\swarm-class-a-TerminalOrganelleAssembly","E:\opencell-worktrees\swarm-class-a-TerminalOrganelleAssembly\opencell\validation\swarm\class_a\terminalorganelleassembly\findings.json","E:\opencell-worktrees\swarm-class-a-TerminalOrganelleAssembly\STATUS.md","E:\opencell-worktrees\p3-karr-light-docstrings\docs\karr_extracts\process\28_TerminalOrganelleAssembly.md","-","E:\opencell-worktrees\p3-karr-light-docstrings\data\karr_fixtures\per_process\TerminalOrganelleAssembly.json"
