tick,k_vs_oc_w1,current_threshold,bootstrap_repl_threshold,split_half_threshold,ratio_oc_over_sh
0,318.52000000000004,58.543099999999974,18.488799999999987,25.436399999999995,12.522212262741586
1,804.9599999999999,88.28819999999997,145.9953,187.1012,4.302270642839276
2,1311.32,113.49909999999998,906.0303999999995,1268.9335999999998,1.0334031662492034
3,1807.8,129.36659999999998,852.3052999999999,1113.1735999999992,1.6240054561121475
4,2192.9,199.30679999999944,734.1388999999999,1026.0051999999998,2.1373186022838877
5,2500.44,254.15279999999981,971.7719000000001,1073.8772,2.3284226539123845
6,2807.56,344.2076,1008.4491999999989,1596.2716,1.75882349845728
7,3074.0599999999995,457.48230000000007,1396.2299999999993,2191.789599999998,1.4025342578502984
8,3311.72,550.6302999999996,1601.3337999999992,2440.8427999999994,1.3567936452114002
9,3531.96,608.6860999999997,1957.6336999999994,2434.872,1.4505731718135493
10,3806.7799999999997,580.6536999999996,2001.5467999999996,2604.4567999999995,1.4616406768582226
11,4097.320000000001,682.7633999999999,2324.1063999999997,3174.9080000000004,1.2905318831285821
12,4368.999999999999,610.2019000000001,2305.5923000000003,3507.9484,1.2454573163048803
13,4739.659999999999,780.7238999999994,2265.589699999999,3387.9120000000003,1.39899147321418
14,5034.280000000001,800.5084999999999,2589.3834999999995,3841.208799999998,1.3105978513847003
15,5281.0,859.2848000000001,2644.704699999999,3632.010799999999,1.454015500174174
16,5403.820000000001,1014.4408999999995,2892.0287000000003,4041.989599999996,1.3369208075151915
17,5650.160000000001,949.7894999999999,3091.8711999999996,4259.296799999999,1.326547612272524
18,5891.539999999999,939.3350999999985,3346.9479999999994,4567.939199999999,1.289758847928624
19,6132.08,980.9887999999997,3519.3982999999976,4855.0127999999995,1.2630409542895542
20,6325.7,1043.983599999999,3236.3616999999995,4819.0208,1.3126525621138634
21,6567.340000000001,1024.3893,3943.134799999999,4872.2256,1.347913774764453
22,6772.560000000001,1122.2804999999996,3793.9824999999996,5279.1024,1.2828999111667168
23,6984.860000000001,1222.2418999999995,3432.9779,5160.363999999998,1.3535595551011526
24,7183.299999999999,1165.5303000000001,3793.780099999996,5605.331599999998,1.2815120518472096
25,7453.4,1160.9685999999997,3916.9603,5696.178399999998,1.3084913211285663
26,7581.960000000001,1274.9791999999993,4597.285000000001,5304.789599999997,1.4292668647970515
27,7817.540000000001,1213.7333999999998,3934.6207999999992,5657.6124,1.3817736966215644
28,8088.2,1196.0333,4397.0399,5808.963600000001,1.3923654126529557
29,8275.4,1197.2422,4126.0197,5612.683999999996,1.4744104603074049
30,8507.640000000001,1388.0151999999998,4365.460000000001,5829.075999999998,1.4595177691970398
31,8721.54,1472.8175,4119.6023,5940.061599999993,1.4682575008986458
32,8892.7,1326.8926,4692.592299999998,6551.771599999997,1.35729700955998
33,9073.44,1213.9995999999999,4521.178199999996,6849.7792,1.324632478664422
34,9311.5,1185.7395000000001,4480.373699999998,6146.764799999997,1.5148619319223022
35,9467.6,1315.9234,4228.5848,5837.880399999997,1.6217529910342126
36,9733.52,1222.7808999999997,4254.377599999997,6511.383999999997,1.4948465641098736
37,9849.3,1349.2116,4621.157199999999,6093.406000000001,1.616386631713035
38,10064.740000000002,1424.8189999999997,4326.216399999998,6120.267999999997,1.6444933457162343
39,10283.920000000002,1319.5094,4056.8231000000005,5930.755599999999,1.7339982783981192
40,10396.86,1297.7535999999998,4585.500699999999,6542.188399999997,1.589202169720457
41,10559.26,1257.7586999999999,5313.017600000001,6596.308399999999,1.6007832502191683
42,10795.740000000002,1343.4234,4537.825600000001,6065.712400000001,1.7797975387029559
43,10915.16,1307.5292999999997,4682.717599999999,6551.921199999994,1.665947997054667
44,11154.1,1520.6982999999998,4911.714499999999,6963.5235999999995,1.601789645690294
45,11346.240000000002,1480.2402999999983,4879.708899999994,7256.726399999999,1.5635479932108236
46,11515.36,1414.2556999999995,4675.9250999999995,7031.31,1.6377261136260526
47,11768.2,1517.2090999999994,5143.206199999998,7468.040799999996,1.5758082092963401
48,12052.740000000002,1666.4537999999998,4369.4904,6423.537999999999,1.87633979903287
49,12260.300000000001,1518.0858000000003,4922.769499999999,6804.397599999998,1.8018200464946381
50,12385.060000000001,1665.4714999999997,5153.9994,6677.818399999998,1.8546566046180597
51,12622.679999999998,1484.3047999999992,5624.0172999999995,6854.231999999998,1.8415892546385944
52,12848.319999999998,1535.5988999999997,4868.873899999998,6711.6368,1.914334816210555
53,13094.58,1480.2050999999994,5431.880299999999,7344.867200000001,1.7828205253323026
54,13375.76,1612.6373999999998,5993.754799999999,7920.545599999999,1.6887422502813445
55,13483.84,1685.938099999999,5814.451499999997,8233.917999999994,1.637597071042001
56,13737.16,1727.4377999999997,5488.0408,7942.541199999998,1.7295673581145545
57,13894.080000000002,1702.305,5293.7918,8021.8204,1.732035785792462
58,14111.699999999999,1748.4477999999997,5309.474499999999,7737.518799999999,1.8238017075964974
59,14376.680000000002,1779.1036999999988,5250.693800000001,7865.281599999999,1.8278658961174388
60,14662.199999999999,1912.5084000000002,5278.4138,7930.8107999999975,1.8487643154972255
61,14813.12,1562.6060999999997,5810.3551,7984.477599999999,1.8552397216318826
62,15042.3,1557.401999999999,5662.6867,9042.800799999999,1.6634558620377882
63,15191.260000000004,1573.0549999999998,5764.689699999993,8203.188400000001,1.8518726206507707
64,15408.480000000003,1586.3353000000004,5530.532699999999,8886.7724,1.7338668423645016
65,15649.740000000003,1608.5882999999997,6051.3562999999995,9231.917199999994,1.695177682052869
66,15955.160000000003,1566.4241999999997,6711.219899999999,8206.5852,1.944189892770504
67,16227.44,1699.4075999999995,5606.0828999999985,8335.738399999991,1.9467309578717127
68,16558.08,1779.9517999999991,5937.453499999999,8673.7244,1.9089930964373278
69,16702.680000000004,1627.8042,6321.089499999999,7857.348400000001,2.12574002700453
70,16893.76,1760.1286999999995,6146.633900000001,9205.8956,1.8351022794566558
71,17071.860000000004,1822.5591999999976,6761.695599999996,9009.255199999998,1.8949246770143673
72,17375.060000000005,1776.7838000000002,5766.271499999997,9225.924399999998,1.8832866222055764
73,17587.02,1718.5068999999985,6645.388200000001,8819.923199999997,1.9940105600919524
74,17857.300000000003,1995.9279999999992,6725.7355,9468.738399999986,1.8859217823569854
75,18067.099999999995,1863.6838000000002,7480.759000000001,10565.425199999998,1.7100210978730888
76,18351.559999999994,1975.7848000000001,7029.626999999998,9387.721199999998,1.954847146504521
77,18576.120000000003,1846.0584999999996,6694.765,10346.023599999999,1.7954840157140184
78,18795.76,1871.287,6181.703,9472.522399999993,1.9842402272915198
79,19064.300000000003,1917.6706999999997,6751.663599999999,9740.3856,1.9572428426242185
80,19260.620000000003,1808.6760999999997,6832.280399999996,10038.032399999995,1.9187644781859852
81,19470.12,2058.8688999999995,7132.721199999998,11276.363999999994,1.7266310310663977
82,19766.120000000003,2007.3657999999998,7334.207099999998,11090.512399999992,1.7822548938315976
83,20012.780000000002,1992.1945999999996,7673.983899999996,10455.4384,1.9141024253942336
84,20263.68,2126.5606999999995,7675.8099,10482.1816,1.9331548310515818
85,20479.96,2050.955499999999,6924.267900000001,10148.9256,2.017943653070035
86,20670.600000000002,2041.2468999999994,8163.772099999998,10264.3288,2.013828707435795
87,20913.92,2021.2752999999996,7561.080999999998,10719.992799999996,1.9509266834582208
88,21068.68,2036.0185999999987,7368.3654,10827.915999999997,1.9457742376279983
89,21324.380000000005,2027.1933000000001,8001.441799999987,10882.581599999996,1.959496448894076
90,21574.3,2329.6515,7589.650199999999,11954.606399999991,1.8046850961149181
91,21797.440000000002,2283.0632,7609.921,10914.3892,1.9971287078529327
92,21945.88,2231.5501999999988,7108.007500000001,10845.119999999995,2.0235718922427792
93,22173.560000000005,1993.7928999999983,7862.652599999999,10407.935999999998,2.1304473816902805
94,22446.1,2330.0629000000004,7961.9770999999955,11169.2636,2.009631145243989
95,22686.88,2294.9519999999998,8845.994299999998,12424.94879999999,1.8259133590956946
96,22963.38,2336.841099999997,8434.697699999999,12939.797199999995,1.7746321402935132
97,23253.62,2390.2867999999994,8530.0347,12595.180399999997,1.8462315950631405
98,23522.84,2250.4063999999994,8889.959099999996,12903.277200000002,1.823012838939862
99,23771.06,2642.5586,8549.0691,12604.517199999998,1.8859159476572418
